Workbook

Sheet START_HERE
A1: SDS188 QUICK ANALYSIS — OPTION C
A4: ONE-CLICK SELECTED-DATA ANALYSIS + MANUAL SDS CONTROL PANELS
A6: FASTEST ROUTE | B6: Highlight a numeric data set → run SDSQuickAnalysis → answer prompts → a full analysis sheet is created.
A7: NO-MACRO FALLBACK | B7: Paste one numeric variable into DATA!A5:A1004. AUTO_ANALYSIS updates automatically.
A8: YELLOW CELLS | B8: Inputs you can change.
A9: GREY CELLS | B9: Calculated outputs.
A10: ASSESSMENT RULES | B10: Only use macros/add-ins/pre-built files if your assessment rules permit them.
A12: WHAT IT AUTOMATES
A14: • Descriptive statistics: n, mean, median, mode, sample SD, variance, SE, min/max, range, quartiles, IQR, CV, skewness and kurtosis.
A15: • Empirical-rule checks: observed % within x̄±s, x̄±2s and x̄±3s.
A16: • Mean CI: automatically uses Z if population σ is supplied; otherwise Student t.
A17: • Finite-population correction only when sampling is without replacement and n/N > 0.05.
A18: • Mean hypothesis tests: lower / upper / two-tail, p-value, critical values and decision.
A19: • Chapter 6: normal, uniform and exponential calculators.
A20: • Chapter 7: sampling means, proportions, two independent means and FPC.
A21: • Chapter 8: CI and sample-size tools.
A22: • Chapter 9: Z/t mean-test engine with source-style Excel formulas.
A24: HIGH-VALUE TRAPS
A26: 1 | B26: One observation X uses σ. A sample mean X̄ uses σ/√n.
A27: 2 | B27: Variance 36 means SD = √36 = 6.
A28: 3 | B28: Two-tail p-value counts BOTH tails.
A29: 4 | B29: Write Reject H0 / Do not reject H0 — not 'accept H0'.
A30: 5 | B30: FPC changes spread/SE, not the centre.
A31: 6 | B31: Keep full precision until the final answer.

Sheet DATA
A1: DATA — PASTE YOUR NUMERIC SAMPLE HERE
A4: Value | C4: HOW TO USE
C5: 1 | D5: Paste ONE numeric variable into column A starting at A5.
C6: 2 | D6: Blanks are ignored.
C7: 3 | D7: AUTO_ANALYSIS uses A5:A1004.
C8: 4 | D8: The VBA macro can analyse a selected range directly without pasting here.

Sheet AUTO_ANALYSIS
A1: AUTO ANALYSIS — RAW DATA + INFERENCE
A4: INPUTS | D4: METHOD / CHECKS
A5: Confidence level | B5: 0.95 | D5: Method | E5: =IF(B6="Yes","Z (σ known)","t (σ unknown)") -> t (σ unknown)
A6: Population σ known? | B6: No | D6: α | E6: =1-B5 -> 0.05
A7: Population σ (if known) | D7: df | E7: =MAX(COUNT(DATA!$A$5:$A$1004)-1,0) -> 0
A8: Without replacement? | B8: No | D8: Sampling fraction n/N | E8: =IFERROR(IF(B9="","",COUNT(DATA!$A$5:$A$1004)/B9),"")
A9: Finite population N (optional) | D9: FPC | E9: =IF(B8<>"Yes",1,IF(B9="",1,IF(B9<=COUNT(DATA!$A$5:$A$1004),1,IF(COUNT(DATA!$A$5:$A$1004)/B9>0.05,SQRT((B9-COUNT(DATA!$A$5:$A$1004))/(B9-1)),1)))) -> 1
A10: Hypothesised μ0 (optional) | D10: FPC used? | E10: =IF(E9<1,"YES","NO") -> NO
A11: Hypothesis tail | B11: Two | D11: Data status | E11: =IF(COUNT(DATA!$A$5:$A$1004)>=2,"READY","PASTE AT LEAST 2 NUMBERS") -> PASTE AT LEAST 2 NUMBERS
A13: DESCRIPTIVE STATISTICS | D13: NORMALITY / EMPIRICAL RULE
A14: n | C14: =COUNT(DATA!$A$5:$A$1004) -> 0 | D14: Mean − Median | E14: =IFERROR(C15-C16,"")
A15: Mean x̄ | C15: =IFERROR(AVERAGE(DATA!$A$5:$A$1004),"") | D15: Observed within x̄ ± 1s | E15: =IFERROR(COUNTIFS(DATA!$A$5:$A$1004,">="&(C15-C19),DATA!$A$5:$A$1004,"<="&(C15+C19))/C14,"")
A16: Median | C16: =IFERROR(MEDIAN(DATA!$A$5:$A$1004),"") | D16: Normal target | E16: 0.68
A17: Mode | C17: =IFERROR(_xludf.MODE.SNGL(DATA!$A$5:$A$1004),"No unique mode") -> No unique mode | D17: Observed within x̄ ± 2s | E17: =IFERROR(COUNTIFS(DATA!$A$5:$A$1004,">="&(C15-2*C19),DATA!$A$5:$A$1004,"<="&(C15+2*C19))/C14,"")
A18: Sample SD s | C18: =IFERROR(_xludf.STDEV.S(DATA!$A$5:$A$1004),"") | D18: Normal target | E18: 0.95
A19: Sample variance s² | C19: =IFERROR(_xludf.VAR.S(DATA!$A$5:$A$1004),"") | D19: Observed within x̄ ± 3s | E19: =IFERROR(COUNTIFS(DATA!$A$5:$A$1004,">="&(C15-3*C19),DATA!$A$5:$A$1004,"<="&(C15+3*C19))/C14,"")
A20: Standard error s/√n | C20: =IFERROR(C19/SQRT(C14),"") | D20: Normal target | E20: 0.997
A21: Minimum | C21: =IFERROR(MIN(DATA!$A$5:$A$1004),"") -> 0
A22: Maximum | C22: =IFERROR(MAX(DATA!$A$5:$A$1004),"") -> 0 | D22: Normality check: compare mean/median/mode, empirical-rule percentages and graphs. The tool does not automatically declare a data set normal.
A23: Range | C23: =IFERROR(C22-C21,"") -> 0
A24: Q1 | C24: =IFERROR(_xludf.QUARTILE.INC(DATA!$A$5:$A$1004,1),"")
A25: Q3 | C25: =IFERROR(_xludf.QUARTILE.INC(DATA!$A$5:$A$1004,3),"")
A26: IQR | C26: =IFERROR(C25-C24,"")
A27: Coefficient of variation | C27: =IFERROR(C19/C15,"")
A28: Skewness | C28: =IFERROR(SKEW(DATA!$A$5:$A$1004),"")
A29: Kurtosis | C29: =IFERROR(KURT(DATA!$A$5:$A$1004),"")
A32: MEAN CONFIDENCE INTERVAL | D32: MEAN HYPOTHESIS TEST (OPTIONAL μ0)
A33: Method | C33: =E5 -> t (σ unknown) | D33: H0 | F33: =IF(B10="","","μ = "&TEXT(B10,"0.0000"))
A34: SE used | C34: =IF(C14<2,"",IF(B6="Yes",B7/SQRT(C14),C19/SQRT(C14))*E9) | D34: H1 direction | F34: =IF(B10="","",IF(B11="Two","μ ≠ "&TEXT(B10,"0.0000"),IF(B11="Lower","μ < "&TEXT(B10,"0.0000"),"μ > "&TEXT(B10,"0.0000"))))
A35: Critical value | C35: =IF(C14<2,"",IF(B6="Yes",_xludf.NORM.S.INV(1-E6/2),ABS(_xludf.T.INV(E6/2,E7)))) | D35: Test method | F35: =E5 -> t (σ unknown)
A36: Margin of error | C36: =IFERROR(C34*C35,"") | D36: Test statistic | F36: =IF(B10="","",(C15-B10)/C34)
A37: Lower limit | C37: =IFERROR(C15-C36,"") | D37: Lower critical | F37: =IF(B10="","",IF(B11="Upper","",IF(B6="Yes",_xludf.NORM.S.INV(IF(B11="Two",E6/2,E6)),_xludf.T.INV(IF(B11="Two",E6/2,E6),E7))))
A38: Upper limit | C38: =IFERROR(C15+C36,"") | D38: Upper critical | F38: =IF(B10="","",IF(B11="Lower","",IF(B6="Yes",_xludf.NORM.S.INV(IF(B11="Two",1-E6/2,1-E6)),_xludf.T.INV(IF(B11="Two",1-E6/2,1-E6),E7))))
A39: Interval width | C39: =IFERROR(C38-C37,"") | D39: p-value | F39: =IF(B10="","",IF(B6="Yes",IF(B11="Two",(1-_xludf.NORM.S.DIST(ABS(F36),TRUE))*2,IF(B11="Lower",_xludf.NORM.S.DIST(F36,TRUE),1-_xludf.NORM.S.DIST(F36,TRUE))),IF(B11="Two",_xludf.T.DIST.2T(ABS(F36),E7),IF(B11="Lower",_xludf.T.DIST(F36,E7,TRUE),1-_xludf.T.DIST(F36,E7,TRUE)))))
A40: FPC | C40: =E9 -> 1 | D40: α | F40: =E6 -> 0.05
A41: Interpretation cue | C41: =IF(C37="","","We are "&TEXT(B5,"0%")&" confident the population mean lies between the limits.") | D41: Decision | F41: =IF(F39="","",IF(F39<F40,"REJECT H0","DO NOT REJECT H0"))
D42: CI cross-check (two-tail only) | F42: =IF(OR(B10="",B11<>"Two"),"",IF(AND(B10>=C37,B10<=C38),"μ0 inside CI → do not reject","μ0 outside CI → reject"))
D43: Reminder | F43: ="Never write ""accept H0"" in the final decision." -> Never write "accept H0" in the final decision.

Sheet DISTRIBUTIONS
A1: CHAPTER 6 — DISTRIBUTION CALCULATOR
A4: NORMAL DISTRIBUTION — INDIVIDUAL X | E4: STANDARD NORMAL Z
A5: Mean μ | B5: 50 | E5: z | F5: 1.57
A6: SD σ | B6: 4 | E6: P(Z<z) | F6: =_xludf.NORM.S.DIST(F5,TRUE) -> #NAME?
A7: Lower x | B7: 46 | E7: P(Z>z) | F7: =1-_xludf.NORM.S.DIST(F5,TRUE) -> #NAME?
A8: Upper x | B8: 54 | E8: Two-tail beyond |z| | F8: =(1-_xludf.NORM.S.DIST(ABS(F5),TRUE))*2 -> #NAME?
A9: Left cumulative probability p | B9: 0.05
A10: Central area C | B10: 0.6
A12: z(lower) | B12: =(B7-B5)/B6 -> -1
A13: z(upper) | B13: =(B8-B5)/B6 -> 1
A14: P(X < upper) | B14: =_xludf.NORM.DIST(B8,B5,B6,TRUE) -> #NAME?
A15: P(X > lower) | B15: =1-_xludf.NORM.DIST(B7,B5,B6,TRUE) -> #NAME?
A16: P(lower < X < upper) | B16: =_xludf.NORM.DIST(B8,B5,B6,TRUE)-_xludf.NORM.DIST(B7,B5,B6,TRUE) -> #NAME?
A17: x for left cumulative p | B17: =_xludf.NORM.INV(B9,B5,B6) -> #NAME?
A18: Central interval lower | B18: =_xludf.NORM.INV((1-B10)/2,B5,B6) -> #NAME?
A19: Central interval upper | B19: =_xludf.NORM.INV(1-(1-B10)/2,B5,B6) -> #NAME?
A20: Tail each side | B20: =(1-B10)/2 -> 0.2
A21: RULE | B21: Individual X uses σ — NOT σ/√n.
A24: UNIFORM DISTRIBUTION | E24: EXPONENTIAL DISTRIBUTION
A25: a | B25: 0 | E25: Rate λ | F25: 5
A26: b | B26: 10 | E26: t1 | F26: 0.3
A27: c | B27: 5 | E27: t2 | F27: 0.5
A28: d | B28: 7 | E28: Left cumulative p | F28: 0.8
A30: Mean | B30: =(B25+B26)/2 -> 5 | E30: Mean | F30: =1/F25 -> 0.2
A31: SD | B31: =(B26-B25)/SQRT(12) -> 2.8867513 | E31: SD | F31: =1/F25 -> 0.2
A32: P(c<X<d) | B32: =IF(AND(B27>=B25,B28<=B26,B28>B27),(B28-B27)/(B26-B25),"CHECK BOUNDS") -> 0.2 | E32: P(X<t1) | F32: =1-EXP(-F25*F26) -> 0.77686984
A33: Check | B33: Requires a≤c<d≤b | E33: P(X>t1) | F33: =EXP(-F25*F26) -> 0.22313016
E34: P(t1<X<t2) | F34: =EXP(-F25*F26)-EXP(-F25*F27) -> 0.14104516
E35: x for left cumulative p | F35: =-LN(1-F28)/F25 -> 0.32188758
E36: Formula cue | F36: x = -LN(1-p)/λ

Sheet SAMPLING
A1: CHAPTER 7 — SAMPLING DISTRIBUTIONS
A4: SAMPLE MEAN X̄ | E4: SAMPLE PROPORTION p
A5: Population mean μ | B5: 100 | E5: Population proportion π | F5: 0.7
A6: Population SD σ | B6: 10 | E6: Sample size n | F6: 64
A7: Sample size n | B7: 25 | E7: Finite population N (optional)
A8: Finite population N (optional) | E8: Without replacement? | F8: No
A9: Without replacement? | B9: No | E9: Lower p | F9: 0.6
A10: Lower X̄ | B10: 95 | E10: Upper p | F10: 0.8
A11: Upper X̄ | B11: 102.2 | E11: Observed successes x | F11: 48
A12: Left cumulative p | B12: 0.35 | E12: Observed p̂ | F12: =F11/F6 -> 0.75
A14: Centre μX̄ | B14: =B5 -> 100 | E14: Centre μp | F14: =F5 -> 0.7
A15: FPC | B15: =IF(B9<>"Yes",1,IF(B8="",1,IF(B8<=B7,1,IF(B7/B8>0.05,SQRT((B8-B7)/(B8-1)),1)))) -> 1 | E15: Expected count nπ | F15: =F6*F5 -> 44.8
A16: SE σX̄ | B16: =B6/SQRT(B7)*B15 -> 2 | E16: Expected count n(1-π) | F16: =F6*(1-F5) -> 19.2
A17: z(lower) | B17: =(B10-B14)/B16 -> -2.5 | E17: Conditions | F17: =IF(AND(F15>=5,F16>=5),"PASS","CHECK CONDITIONS") -> PASS
A18: z(upper) | B18: =(B11-B14)/B16 -> 1.1 | E18: FPC | F18: =IF(F8<>"Yes",1,IF(F7="",1,IF(F7<=F6,1,IF(F6/F7>0.05,SQRT((F7-F6)/(F7-1)),1)))) -> 1
A19: P(X̄<upper) | B19: =_xludf.NORM.DIST(B11,B14,B16,TRUE) -> #NAME? | E19: SE σp | F19: =SQRT(F5*(1-F5)/F6)*F18 -> 0.057282196
A20: P(X̄>lower) | B20: =1-_xludf.NORM.DIST(B10,B14,B16,TRUE) -> #NAME? | E20: P(p<upper) | F20: =_xludf.NORM.DIST(F10,F14,F19,TRUE) -> #NAME?
A21: P(lower<X̄<upper) | B21: =_xludf.NORM.DIST(B11,B14,B16,TRUE)-_xludf.NORM.DIST(B10,B14,B16,TRUE) -> #NAME? | E21: P(p>lower) | F21: =1-_xludf.NORM.DIST(F9,F14,F19,TRUE) -> #NAME?
A22: Boundary for left p | B22: =_xludf.NORM.INV(B12,B14,B16) -> #NAME? | E22: P(lower<p<upper) | F22: =_xludf.NORM.DIST(F10,F14,F19,TRUE)-_xludf.NORM.DIST(F9,F14,F19,TRUE) -> #NAME?
A23: Core rule | B23: SE = σ/√n; larger n reduces SE, not the centre. | E23: Estimated SE from p̂ | F23: =SQRT(F12*(1-F12)/F6) -> 0.054126588
A26: DIFFERENCE BETWEEN TWO INDEPENDENT SAMPLE MEANS
A27: μ1 | B27: 50 | D27: Observed X̄1−X̄2 | E27: 4 | G27: z | H27: =(E27-E28)/E29 -> 0.61679395
A28: σ1 | B28: 8 | D28: Centre μ1−μ2 | E28: =B27-B30 -> 3 | G28: P(diff < observed) | H28: =_xludf.NORM.S.DIST(H27,TRUE) -> #NAME?
A29: n1 | B29: 40 | D29: SE | E29: =SQRT(B28^2/B29+B31^2/B32) -> 1.621287 | G29: P(diff > observed) | H29: =1-_xludf.NORM.S.DIST(H27,TRUE) -> #NAME?
A30: μ2 | B30: 47 | G30: Rule | H30: Expected difference is μ1−μ2, not automatically 0.
A31: σ2 | B31: 6
A32: n2 | B32: 35

Sheet CI_SAMPLE_SIZE
A1: CHAPTER 8 — CONFIDENCE INTERVALS + SAMPLE SIZE
A4: MEAN — σ KNOWN (Z) | E4: MEAN — σ UNKNOWN (t)
A5: x̄ | B5: 85 | E5: x̄ | F5: 141.3
A6: Population σ | B6: 8 | E6: Sample s | F6: 19.1
A7: n | B7: 64 | E7: n | F7: 24
A8: Confidence level | B8: 0.95 | E8: Confidence level | F8: 0.9
A9: N (optional) | E9: Assumption cue | F9: Normal population / justified t use
A10: Without replacement? | B10: No
E11: α | F11: =1-F8 -> 0.1
A12: α | B12: =1-B8 -> 0.05 | E12: df | F12: =F7-1 -> 23
A13: FPC | B13: =IF(B10<>"Yes",1,IF(B9="",1,IF(B9<=B7,1,IF(B7/B9>0.05,SQRT((B9-B7)/(B9-1)),1)))) -> 1 | E13: SE | F13: =F6/SQRT(F7) -> 3.8987712
A14: SE | B14: =B6/SQRT(B7)*B13 -> 1 | E14: t* | F14: =ABS(_xludf.T.INV(F11/2,F12)) -> #NAME?
A15: z* | B15: =_xludf.NORM.S.INV(1-B12/2) -> #NAME? | E15: MoE | F15: =F13*F14 -> #NAME?
A16: MoE | B16: =B14*B15 -> #NAME? | E16: LL | F16: =F5-F15 -> #NAME?
A17: LL | B17: =B5-B16 -> #NAME? | E17: UL | F17: =F5+F15 -> #NAME?
A18: UL | B18: =B5+B16 -> #NAME? | E18: Excel shortcut | F18: CONFIDENCE.T(alpha,s,n) = half-width
A21: PROPORTION CONFIDENCE INTERVAL | E21: REQUIRED SAMPLE SIZE
A22: Successes x | B22: 303 | E22: Confidence level | F22: 0.95
A23: n | B23: 326 | E23: Margin e (mean) | F23: 5
A24: Confidence level | B24: 0.95 | E24: σ estimate | F24: 15
A25: N (optional) | E25: Prior p (blank → 0.5)
A26: Without replacement? | B26: No | E26: Margin e (proportion) | F26: 0.04
A27: p̂ | B27: =B22/B23 -> 0.92944785 | E27: Finite population N (optional)
E28: Mean n0 | F28: =ROUNDUP((_xludf.NORM.S.INV(1-(1-F22)/2)*F24/F23)^2,0) -> #NAME?
A29: α | B29: =1-B24 -> 0.05 | E29: Proportion n0 | F29: =ROUNDUP(_xludf.NORM.S.INV(1-(1-F22)/2)^2*IF(F25="",0.5,F25)*(1-IF(F25="",0.5,F25))/F26^2,0) -> #NAME?
A30: FPC | B30: =IF(B26<>"Yes",1,IF(B25="",1,IF(B25<=B23,1,IF(B23/B25>0.05,SQRT((B25-B23)/(B25-1)),1)))) -> 1
A31: SE | B31: =SQRT(B27*(1-B27)/B23)*B30 -> 0.014182697 | E31: Mean n with FPC | F31: =IF(F27="",F28,ROUNDUP(F28*F27/(F28+F27-1),0)) -> #NAME?
A32: z* | B32: =_xludf.NORM.S.INV(1-B29/2) -> #NAME? | E32: Proportion n with FPC | F32: =IF(F27="",F29,ROUNDUP(F29*F27/(F29+F27-1),0)) -> #NAME?
A33: MoE | B33: =B31*B32 -> #NAME? | E33: Rule | F33: Round required sample size UP.
A34: LL | B34: =B27-B33 -> #NAME? | E34: Finite formula | F34: n = n0 N / (n0 + N - 1)
A35: UL | B35: =B27+B33 -> #NAME?
A36: Expected counts check | B36: =IF(AND(B23*B27>=5,B23*(1-B27)>=5),"PASS","CHECK") -> PASS

Sheet HYPOTHESIS_TEST
A1: CHAPTER 9 — MEAN HYPOTHESIS TEST (SUMMARY DATA)
A4: INPUTS | D4: RESULT
A5: Null mean μ0 | B5: 30 | D5: Method | F5: =IF(B7="Yes","Z","t") -> Z
A6: Sample mean x̄ | B6: 29.84 | D6: df | F6: =B10-1 -> 99
A7: Population σ known? | B7: Yes | D7: SE | F7: =IF(B7="Yes",B8/SQRT(B10),B9/SQRT(B10)) -> 0.08
A8: Population σ (if known) | B8: 0.8 | D8: Test statistic | F8: =(B6-B5)/F7 -> -2
A9: Sample s (if σ unknown) | D9: Lower critical | F9: =IF(B12="Upper","",IF(B7="Yes",_xludf.NORM.S.INV(IF(B12="Two",B11/2,B11)),_xludf.T.INV(IF(B12="Two",B11/2,B11),F6))) -> #NAME?
A10: Sample size n | B10: 100 | D10: Upper critical | F10: =IF(B12="Lower","",IF(B7="Yes",_xludf.NORM.S.INV(IF(B12="Two",1-B11/2,1-B11)),_xludf.T.INV(IF(B12="Two",1-B11/2,1-B11),F6))) -> #NAME?
A11: Significance α | B11: 0.05 | D11: p-value | F11: =IF(B7="Yes",IF(B12="Two",(1-_xludf.NORM.S.DIST(ABS(F8),TRUE))*2,IF(B12="Lower",_xludf.NORM.S.DIST(F8,TRUE),1-_xludf.NORM.S.DIST(F8,TRUE))),IF(B12="Two",_xludf.T.DIST.2T(ABS(F8),F6),IF(B12="Lower",_xludf.T.DIST(F8,F6,TRUE),1-_xludf.T.DIST(F8,F6,TRUE)))) -> #NAME?
A12: Tail | B12: Two | D12: Decision | F12: =IF(F11<B11,"REJECT H0","DO NOT REJECT H0") -> #NAME?
D13: Critical-value check | F13: =IF(B12="Two",IF(OR(F8<F9,F8>F10),"Reject region","Non-reject region"),IF(B12="Lower",IF(F8<F9,"Reject region","Non-reject region"),IF(F8>F10,"Reject region","Non-reject region"))) -> #NAME?
D14: Two-tail CI LL | F14: =IF(B12<>"Two","",B6-IF(B7="Yes",_xludf.NORM.S.INV(1-B11/2),ABS(_xludf.T.INV(B11/2,F6)))*F7) -> #NAME?
A15: SOURCE-STYLE EXCEL FORMULA CUES | D15: Two-tail CI UL | F15: =IF(B12<>"Two","",B6+IF(B7="Yes",_xludf.NORM.S.INV(1-B11/2),ABS(_xludf.T.INV(B11/2,F6)))*F7) -> #NAME?
A16: Z SE | B16: =σ/SQRT(n) | C16: Known population σ | D16: CI cross-check | F16: =IF(B12<>"Two","",IF(AND(B5>=F14,B5<=F15),"μ0 inside CI → do not reject","μ0 outside CI → reject")) -> #NAME?
A17: Z statistic | B17: =(xbar-mu0)/SE
A18: Two-tail Z p | B18: =(1-NORM.S.DIST(ABS(z),TRUE))*2
A19: Lower-tail Z p | B19: =NORM.S.DIST(z,TRUE)
A20: Upper-tail Z p | B20: =1-NORM.S.DIST(z,TRUE)
A21: t SE | B21: =s/SQRT(n) | C21: σ unknown
A22: Two-tail t p | B22: =T.DIST.2T(ABS(t),df)
A23: Lower-tail t p | B23: =T.DIST(t,df,TRUE)
A24: Upper-tail t p | B24: =1-T.DIST(t,df,TRUE)
A27: Decision rule: if p-value < α, REJECT H0. Otherwise DO NOT REJECT H0. For a same-level two-tail test and confidence interval, μ0 outside the interval corresponds to rejection; μ0 inside corresponds to non-rejection.

Sheet SOURCE_MAP
A1: SDS188 SOURCE MAP — COURSE-ALIGNED FEATURES
A4: Chapter | B4: Feature | C4: Course source | D4: Location / note | E4: Key rule | F4: Tool sheet
A5: 6 | B5: Normal probability + inverse | C5: Chapter 6.pdf | D5: pp. 3–7 | E5: NORM.S.DIST / NORM.DIST; NORM.S.INV / NORM.INV | F5: DISTRIBUTIONS
A6: 6 | B6: Normality evaluation | C6: Chapter 6.pdf | D6: pp. 8–10+ | E6: Mean/median/mode + empirical rule + graphs | F6: AUTO_ANALYSIS
A7: 6 | B7: Uniform + exponential | C7: Tutorial 6 / Chapter 6 | D7: Tutorial Q8–11 | E7: Uniform mean/SD; exponential CDF and inverse | F7: DISTRIBUTIONS
A8: 7 | B8: Sampling mean | C8: Chapter 7 formula sheet | D8: §3 | E8: SE = σ/√n | F8: SAMPLING
A9: 7 | B9: Sample proportion | C9: Chapter 7 formula sheet | D9: §5 | E9: SE = √[π(1−π)/n]; expected-count checks | F9: SAMPLING
A10: 7 | B10: Finite population correction | C10: Chapter 7 formula sheet | D10: §7 | E10: Without replacement and n/N > .05 | F10: AUTO_ANALYSIS / SAMPLING
A11: 8 | B11: Mean CI: σ known | C11: Chapter 8 slides/tutorial | D11: Tutorial 8 Q1–4 | E11: Z interval | F11: AUTO_ANALYSIS / CI_SAMPLE_SIZE
A12: 8 | B12: Mean CI: σ unknown | C12: Chapter 8 slides/tutorial | D12: Tutorial 8 Q9–10 | E12: Student t; df=n−1 | F12: AUTO_ANALYSIS / CI_SAMPLE_SIZE
A13: 8 | B13: Proportion CI + sample size | C13: Chapter 8 slides/tutorial | D13: Tutorial 8 Q7–8 | E13: Use p̂ for estimated proportion; round n up | F13: CI_SAMPLE_SIZE
A14: 8 | B14: Finite-population CI/sample size | C14: Finite population handout | D14: Eq. 8.12–8.14 | E14: FPC reduces width; adjusted n formula | F14: CI_SAMPLE_SIZE
A15: 9 | B15: Z mean test | C15: Chapter 9 deck | D15: Excel p-value workflow | E15: p<α → reject H0 | F15: HYPOTHESIS_TEST
... A17: 9 | B17: Two-tail CI cross-check | C17: Chapter 9 deck / Tutorial 9 Q10 | D17: Same-level CI | E17: μ0 outside CI ↔ reject | F17: AUTO_ANALYSIS / HYPOTHESIS_TEST
